{"cameraMode":{"drawMode":0,"name":"Shaded","section":"Shading Mode"},"sceneLighting":false,"audioPlay":false,"sceneViewState":{"showFog":true,"showMaterialUpdate":false,"showSkybox":false,"showFlares":true,"showImageEffects":true,"showParticleSystems":true},"in2DMode":false,"pivot":{"x":-0.008197784423828125,"y":-3.799999952316284,"z":0.008204460144042969},"rotation":{"x":-0.3125932812690735,"y":0.19198966026306153,"z":-0.06466861069202423,"w":-0.9280320405960083},"size":4.055304527282715,"orthographic":false}