{"cameraMode":{"drawMode":0,"name":"Shaded","section":"Shading Mode"},"sceneLighting":true,"audioPlay":false,"sceneViewState":{"showFog":true,"showMaterialUpdate":false,"showSkybox":true,"showFlares":true,"showImageEffects":true,"showParticleSystems":true},"in2DMode":false,"pivot":{"x":0.30919647216796877,"y":-1.2968411445617676,"z":-6.884067535400391},"rotation":{"x":-0.3125932812690735,"y":0.19198966026306153,"z":-0.06466861069202423,"w":-0.9280320405960083},"size":9.37240982055664,"orthographic":false}