{"cameraMode":{"drawMode":0,"name":"Shaded","section":"Shading Mode"},"sceneLighting":true,"audioPlay":false,"sceneViewState":{"showFog":true,"showMaterialUpdate":false,"showSkybox":false,"showFlares":true,"showImageEffects":true,"showParticleSystems":true},"in2DMode":false,"pivot":{"x":-0.5532369613647461,"y":0.0,"z":-2.234365224838257},"rotation":{"x":-0.11453612148761749,"y":0.4434015154838562,"z":-0.05724690854549408,"w":-0.8871299028396606},"size":40.010372161865237,"orthographic":false}