{"cameraMode":{"drawMode":0,"name":"Shaded","section":"Shading Mode"},"sceneLighting":true,"audioPlay":false,"sceneViewState":{"showFog":true,"showMaterialUpdate":false,"showSkybox":true,"showFlares":true,"showImageEffects":true,"showParticleSystems":true},"in2DMode":false,"pivot":{"x":245.86639404296876,"y":2.2537307739257814,"z":251.61004638671876},"rotation":{"x":-0.5187211036682129,"y":-0.010258805006742478,"z":0.006224953569471836,"w":-0.8548592925071716},"size":40.2022819519043,"orthographic":false}