{"cameraMode":{"drawMode":0,"name":"Shaded","section":"Shading Mode"},"sceneLighting":true,"audioPlay":false,"sceneViewState":{"showFog":true,"showMaterialUpdate":false,"showSkybox":true,"showFlares":true,"showImageEffects":true,"showParticleSystems":true},"in2DMode":false,"pivot":{"x":266.84185791015627,"y":-2.829010009765625,"z":271.0711364746094},"rotation":{"x":-0.4291556775569916,"y":-0.3922656774520874,"z":0.21449869871139527,"w":-0.7848206162452698},"size":179.56704711914063,"orthographic":false}