{"cameraMode":{"drawMode":0,"name":"Shaded","section":"Shading Mode"},"sceneLighting":true,"audioPlay":false,"sceneViewState":{"showFog":true,"showMaterialUpdate":false,"showSkybox":true,"showFlares":true,"showImageEffects":true,"showParticleSystems":true},"in2DMode":false,"pivot":{"x":0.34760236740112307,"y":0.5743470191955566,"z":2.556014060974121},"rotation":{"x":-0.16894349455833436,"y":-0.024541469290852548,"z":0.00420787837356329,"w":-0.9853112101554871},"size":18.48688507080078,"orthographic":false}