{"cameraMode":{"drawMode":0,"name":"Shaded","section":"Shading Mode"},"sceneLighting":true,"audioPlay":false,"sceneViewState":{"showFog":true,"showMaterialUpdate":false,"showSkybox":true,"showFlares":true,"showImageEffects":true,"showParticleSystems":true},"in2DMode":false,"pivot":{"x":3.6171281337738039,"y":-3.50161075592041,"z":-3.8717432022094728},"rotation":{"x":-0.4752947986125946,"y":0.005804853048175573,"z":-0.0031360085122287275,"w":-0.8798019289970398},"size":16.66631317138672,"orthographic":false}