{"cameraMode":{"drawMode":0,"name":"Shaded","section":"Shading Mode"},"sceneLighting":true,"audioPlay":false,"sceneViewState":{"showFog":true,"showMaterialUpdate":false,"showSkybox":true,"showFlares":true,"showImageEffects":true,"showParticleSystems":true},"in2DMode":false,"pivot":{"x":240.22178649902345,"y":3.325580596923828,"z":253.80502319335938},"rotation":{"x":-0.5187211036682129,"y":-0.010258805006742478,"z":0.006224953569471836,"w":-0.8548592925071716},"size":61.36522674560547,"orthographic":false}